{"cameraMode":{"drawMode":0,"name":"Shaded","section":"Shading Mode"},"sceneLighting":false,"audioPlay":false,"sceneViewState":{"showFog":true,"showMaterialUpdate":false,"showSkybox":false,"showFlares":true,"showImageEffects":true,"showParticleSystems":true},"in2DMode":false,"pivot":{"x":25.813749313354493,"y":1.8269999027252198,"z":9.109999656677246},"rotation":{"x":0.0008795682224445045,"y":0.9990819692611694,"z":-0.025482220575213434,"w":0.03448206186294556},"size":10.0,"orthographic":false}