{"cameraMode":{"drawMode":0,"name":"Shaded","section":"Shading Mode"},"sceneLighting":false,"audioPlay":false,"sceneViewState":{"showFog":true,"showMaterialUpdate":false,"showSkybox":false,"showFlares":true,"showImageEffects":true,"showParticleSystems":true},"in2DMode":false,"pivot":{"x":-0.8470859527587891,"y":1.6835055351257325,"z":-1.7881393432617188e-7},"rotation":{"x":0.019634166732430459,"y":0.9795460104942322,"z":-0.16040073335170747,"w":0.11990304291248322},"size":1.7973638772964478,"orthographic":false}