{"cameraMode":{"drawMode":0,"name":"Shaded","section":"Shading Mode"},"sceneLighting":false,"audioPlay":false,"sceneViewState":{"showFog":true,"showMaterialUpdate":false,"showSkybox":false,"showFlares":true,"showImageEffects":true,"showParticleSystems":true},"in2DMode":false,"pivot":{"x":9.329999923706055,"y":2.8000001907348635,"z":5.28000020980835},"rotation":{"x":0.05549309030175209,"y":0.7473839521408081,"z":-0.06292828917503357,"w":0.6590778827667236},"size":3.092329263687134,"orthographic":false}