{"cameraMode":{"drawMode":0,"name":"Shaded","section":"Shading Mode"},"sceneLighting":false,"audioPlay":false,"sceneViewState":{"showFog":true,"showMaterialUpdate":false,"showSkybox":false,"showFlares":true,"showImageEffects":true,"showParticleSystems":true},"in2DMode":false,"pivot":{"x":-0.8470859527587891,"y":1.3397221565246583,"z":0.0},"rotation":{"x":-0.08356182277202606,"y":-0.8467249274253845,"z":0.1396864801645279,"w":-0.5065188407897949},"size":1.9208577871322632,"orthographic":true}